{"cameraMode":{"drawMode":0,"name":"Shaded","section":"Shading Mode"},"sceneLighting":true,"audioPlay":false,"sceneViewState":{"showFog":true,"showMaterialUpdate":false,"showSkybox":true,"showFlares":true,"showImageEffects":true,"showParticleSystems":true},"in2DMode":false,"pivot":{"x":-1.3893762826919556,"y":-0.16174975037574769,"z":2.2334275245666506},"rotation":{"x":-0.010637939907610417,"y":-0.9893707633018494,"z":0.10457687079906464,"w":-0.100660540163517},"size":0.256879597902298,"orthographic":false}