{"cameraMode":{"drawMode":0,"name":"Shaded","section":"Shading Mode"},"sceneLighting":true,"audioPlay":false,"sceneViewState":{"showFog":true,"showMaterialUpdate":false,"showSkybox":true,"showFlares":true,"showImageEffects":true,"showParticleSystems":true},"in2DMode":false,"pivot":{"x":-0.18645606935024262,"y":0.7261984348297119,"z":5.0},"rotation":{"x":-0.04429882764816284,"y":0.5431697964668274,"z":-0.028704551979899408,"w":-0.8379878401756287},"size":0.2712104916572571,"orthographic":false}