{"cameraMode":{"drawMode":0,"name":"Shaded","section":"Shading Mode"},"sceneLighting":true,"audioPlay":false,"sceneViewState":{"showFog":true,"showMaterialUpdate":false,"showSkybox":true,"showFlares":true,"showImageEffects":true,"showParticleSystems":true},"in2DMode":false,"pivot":{"x":-41.417076110839847,"y":-33.462833404541019,"z":109.24187469482422},"rotation":{"x":0.1340866982936859,"y":-0.1814860999584198,"z":0.025013726204633714,"w":0.9740172624588013},"size":66.2552490234375,"orthographic":false}