{"cameraMode":{"drawMode":0,"name":"Shaded","section":"Shading Mode"},"sceneLighting":true,"audioPlay":false,"sceneViewState":{"showFog":true,"showMaterialUpdate":false,"showSkybox":true,"showFlares":true,"showImageEffects":true,"showParticleSystems":true},"in2DMode":false,"pivot":{"x":4.782482624053955,"y":0.8223519325256348,"z":37.1260986328125},"rotation":{"x":0.04360824450850487,"y":-0.7738492488861084,"z":0.05380748212337494,"w":0.6297186613082886},"size":1.373901128768921,"orthographic":false}